name,lat,long,vicinity,rating,Mobile Number
SREE NETHRA ENT AND EYE CARE HOSPITAL,14.674182,77.602452,G-1,3.5,9440942904
AASHA HOSPITAL,14.680907,77.593836,"2-133, YELLANUR ROAD TADIPATRI TOWN",3.5,9705423050
KK NURSING HOME,14.679016,77.602912,15-269,2.6,9440285365
SPANDANA HOSPITAL,14.40783,77.712366,25-519-1,3.4,9480605479
Pavani Multi Speciality Hospital,14.672798,77.601929,"D.No. 12-3-195, 5th Cross,Sai Nagar,Anantapur",4.9,8978310999
LIFELINE HOSPITAL,14.687276,77.599541,18-795-F3,2.8,9492750106
ANANTAPUR ORTHOPAEDICCENTRE,14.670631,77.593707,11--909,3.6,9902700912
SAI RATHNA MULTI SPECIALITY HOSPITAL,14.67425,77.601587,2001-03-12 00:00:00,3.5,9493870127
DIVYASREE HOSPITALS,14.677174,77.599726,10-226,3.1,7799177491
Sudarsana Hospital,14.675457,77.603791,12-2-871,3.0,9440270119
SAI KRISHNA NETHRALAYA,13.83519,77.494162,2005-04-17 00:00:00,3.4,9989973565
SRI PRAKASH EYE HOSPITAL,14.673076,77.600812,12-3-216,3.3,9985739747
PREETHI NURSING HOME,15.165188,77.378315,16/109,3.9,9177862129
APPLE EYE CARE,14.67505,77.602692,12-2-938,3.4,8099990444
Sainath Hospital,14.113985,78.16193,"1-616-2B , R.S.ROAD , KADIRIANANTAPUR DIST-515591.",4.9,7893366241
Balaji Eye Care Laser Centre,14.679783,77.603446,15-455,4.4,9908240930
Snehalatha Hospitals Vaatsalya Hospital,14.6839218,77.6020468,13-3-510,4.1,9951805038
L M R MULTI SPECIALTY HOSPITAL,14.685185,77.599041,13/3/187,3.5,9885800016
VIJAYA SANKAR HOSPITAL,14.676552,77.602573,11-235,4.4,9440944155
BALAJI MULTISPECIALITY HOSPITAL,13.834688,77.49403,1/,4.1,8712383603
SV HOSPITAL A UNIT OF AMEYA HEALTHCARE ALLIANCE,14.681319,77.599443,14/327,2.8,9985148483
Dr. YSR Memorial Hospitals,14.675556,77.603095,12-2-878,3.3,9494175580
Aasha Hospital,14.68085,77.593985,"7/201,court road,anantapur",3.2,9440286194
TEJA NURSING HOME,13.835304,77.494222,"17-4-3/2, R.P.G.T.ROAD, Hindupur Muncipality, Hindupur, Anantapur",3.6,9553555143
CHANDRA SUPERSPECIALTY HOSPITAL,14.687829,77.600577,"13-2-390SHIRDI NAGAR, ANANTAPUR",4.8,9441428197
AMEER NURSING HOME,14.114729,78.161995,"1/617-8 & 9,WATER TANK ROAD,Kadiri,Anantapur",4.5,8142839611
SREE RAGHAVENDRA MULTISPECIALITY HOSPITAL,13.834451,77.495156,1-3-2C,3.2,9632032052
SREENIVASA MULTI SPECIALITY HOSPITAL,14.677118,77.605872,28-271,3.8,8886688133
DR AKBAR EYE HOSPITAL PHACO AND LASER CENTER,14.672568,77.601214,12-3-234,4.0,9440937767
MYTHRIHOSPITAL,14.680585,77.600075,15/721,4.4,9012001456
TRIVENI HOSPITAL,14.113102,78.162048,1-358,3.8,9441053273
NEPHROPLUS (GGH-ANT),14.671046,77.594353,"Govt.General Hospital,Anantapur",3.1,9885697344
ABHAYA KIDNEY CARE MULITYSPECIALITY HOSPITAL,14.678469,77.600388,10-470,2.5,8125558329
Saveera Institute of Medical Sciences Pvt Ltd,14.65587095,77.5842292,1-1348,4.0,8886469989
DEVI NURSING HOME,14.398326,77.706706,25-585-17,3.7,9494274768
SRI PADMAVATHI SRINIVASA MULTISPECILITY HOSPITAL,15.159705,77.377533,20/184,4.2,9949946544
RURAL DEVELOPMENT TRUST HOSPITAL,14.513314,77.772009,2-528KADIRI ROAD,2.9,9701040301
SRI GAYATHRI HOSPITL,14.674985,77.60303,12/2/883,3.9,9493832324
MALVINA HOSPITAL AND EYE CENTRE,14.671304,77.601281,12-2-820,3.6,9849175291
SANJEEVINI HOSPITALS,14.677805,77.599363,10/514,3.0,9985148483
SREE AMARAVATHI MULTI SPECIALITY HOSPITAL,14.670745,77.592858,11-1-234,2.9,8886230678
BABY HOSPITAL,14.675365,77.601683,2021-02-12 00:00:00,2.7,9849341205
SRI PRAAGNA HOSPITALS,14.630059,77.620605,2022-04-01 00:00:00,4.8,9441819394
SRI SAI KRUPA NURSING HOME,14.398326,77.706706,10-368,4.7,8179654540
SRI ANAND HOSPITAL,14.66045,77.379894,13-2-128,4.5,9550708670
SWAPNA NURSING HOME,15.166045,77.379894,17/409,3.6,9384914620
Russh Hospitals Pvt Ltd,13.636447,79.421477,"10-14-576/6 1ST STREET R & R COLONY, TIRUPATHI - 517 501",4.0,9440340059
Sri Sai Sudha Hospital,13.635678,79.420775,TIRUPATHI,4.4,9949853701
Balaji Multispeciality Hospital,13.557952,78.509466,15-6-5-10,3.5,9490445255
Narayanadri Hospital and Research institute private limited,13.62856,79.46434,73-A,4.9,7093028955
CITI HOSPITALS,13.556531,78.500221,2-42-46,4.0,9014734191
NAVYA NETHRALAYA,13.633465,79.409727,DOORNO/349,3.4,9440898255
Om Hospital,13.638053,79.422709,"10-13-486, REDDY & REDDY COLONY, TIRUPATHI, ANDHRA PRADESH",4.7,9491060820
Sree Ramadevi Multy Speciality Hospital,13.63821,79.41773,"T.S,82 SAIRAM STREET TIRUPATHI",4.4,9849168248
Sneha Hospital,13.63992,79.4122,"SAROJINI DEVI LAY OUT , TIRUPATHI",3.6,9849046764
Chandra Mohans Nursing Home,13.554457,78.507353,"14.2/A CTM ROAD MADANAPALLI,TIRUPATHI",4.1,7382753220
Pes Institute Of Medical Sciences And Research Hospital,12.789652,78.364674,"KUPPAM - 571 425, CHITTOOR DIST, ANDHRA PRADESH",2.9,8333814176
Sri Priya Nursing Home,12.750086,78.342985,"A.P Vajravelu Chetty Street, Kuppam- 517425, Chittoor (Dt)",2.9,9440393137
M S HOSPITAL,13.63994,79.42623,18-2-263,3.4,9949085759
DRUSHTI EYE HOSPITAL,13.555986,78.500434,1-444,3.9,9849262861
ANAND BABU HOSPITAL,13.557362,78.509461,15/6/5/14,3.8,8309179335
VENKATARAMANA HEART AND MATERNITY HOSPITAL,13.63544,79.41946,10-3-206/A3/A,3.0,9247328561
SRI VENKATA SAI HRUDAYALAYA,13.62955,79.41757,1979-02-15 00:00:00,3.4,9704059621
Sankalpa Super Speciality Hospital,13.635001,79.426087,DNo13-5-531/B1/7/B,4.0,9440022081
BALAJI ORTHOPAEDIC AND TRAUMA HOSPITAL,13.63417,79.42928,1967-07-20 00:00:00,3.2,9441088581
SUTHRAMA EYE HOSPITAL,13.56119,78.510385,3-237,4.3,9704681006
NEPHROPLUS (SVRR GGH TIRUPATI),13.643855,79.407353,"SRI VENKATAESHWARA RAMA NARAYANA RUIA GOVT GENRAL HOSPITAL,BESIDE EMERGENCY WARD,ALIPIRI ROAD,TIRUPATI 517501",4.5,8179259171
DR AGRAWALS HEALTH CARE LTD,13.62283,79.41713,19-4-8/14A I R BYPASS ROAD,2.5,9704030932
USHA EYE HOSPITAL,13.558886,78.509525,3-153-6,3.8,9849499197
MGM HOSPITALS,13.740668,79.720404,7-226-1-2-3,3.8,7288877301
VISWA ORTHOPAEDIC HOSPITAL,13.557222,78.500051,"II-64, PATEL ROAD, Madanapalli, Chittoor.",4.3,9885715141
PARAMAHANSA YOGANANDA EYE HOSPITAL,13.557777,78.509411,15-6-5-11,3.7,9666357284
PURNAS REMEDY HOSPITAL,13.63654,79.42247,"6-7-559HARE RAMA HARE KRISHNA ROADTirupathi, Chittoor",4.0,9676096438
PRASAD MULTI SPECIALITY HOSPITAL,13.556225,78.510226,15/15/5,4.0,9492852175
GUPTA HOSPITAL,13.551683,78.508326,15-284,4.1,9704207181
SRI VENKATESWARA ARAVIND EYE HOSPITAL,13.375837,79.231921,A/602,2.6,9486088879
Apollo Hospitals Enterprises Ltd- A,13.282811,78.955298,"ARAGONDA, THAVANAMPALLI (M), CHITTOOR (DIST.), A.P.",3.8,9440711831
DBR AND SK SUPER SPECIALITY HOSPITAL,13.633877,79.430922,1937-07-20 00:00:00,3.4,9676772332
SURENDRA MULTISPECAILITY HOSPITALS,13.615437,79.367855,2-287,3.9,9000414677
SRI CHAKRA HOSPITALS,13.636,79.4211,"496,REDDY & REDDY COLONY",4.4,8374514343
DESAI HOSPITALS,13.558866,78.508442,III-153-4-3-1,2.9,9866110453
SRI MARUTHI SPECALITY HOSPITALS,13.64266,79.42836,20-3-88/G1,4.9,9581197097
S K R Hospital,13.6572705,78.9408857,1-1715/1,4.0,9448844126
Rishi Ortho and Trauma Hospital,13.6507477,78.947935,DNO-2-519A,3.6,8886340884
GOPIMADHAVI HOSPITAL,13.63534,79.42034,10-13-562,2.8,9701426279
Konaseema Institute Of Medical Science,16.591006,82.022616,AMALAPURAM,4.7,9618239468
Raju Neuro And Multispeciality Hospitals P Ltd,17.005955,81.785378,RAJAHMUNDRY,3.3,9848169016
Gsl Trust Cancer Hospital And Research Centre,17.014891,81.776916,RAJAHMUNDRY,4.3,9966533555
Haritha Hospitals,16.956407,82.230546,KAKINADA,2.7,9948437961
Sai Sudha Hospital,16.954472,82.232363,KAKINADA,3.6,9848160147
UNIVERSAL HOSPITALS,17.007822,81.773869,29-14-29,3.2,8499022777
HOPE INTERNATIONAL HOSPITAL A UNIT OF PALAPARTHI SUPER SPECIALITY HOSPITALS PRIVATE LIMITED,17.02431,82.232311,3-119,4.0,9396549060
LAXMI HOSPITAL,16.972453,82.248648,3-16-207,2.8,9391467020
Raghava 24 Hours Hospital,16.963326,82.232645,"D.NO.11-11-3/1,RAMARAOPETA,NOOKALAMMA TEMPLE STREET, KAKINADA-533004",2.9,9553373737
Aravindam Orthopdeics  And Physiotherapy Centre,16.992196,81.775757,RAJAHMUNDRY,4.7,9849791600
Goutami Eye Institute,17.021144,81.782878,"1 R V Nagar,Korukonda Road,Rajahmundry 533105",4.1,8333814208
Sudha Urology  And Andrology Hospital,16.96357747,82.22873962,KAKINADA,3.2,9048666666
Sri Kiran Institute Of  Ophthalmology,17.024288,82.258404,"Penumarthi Road, Near Atchampeta JunctionKakinada",2.8,9494915050
Sri Bikkina Nursing Home,16.870457,81.928294,"MAIN ROAD; MANDAPETA-533308,E.G.Dt; A.P",3.3,9949817475
Royal Hospital,17.010916,81.773047,"20-23-4, Aryapuram, Behind Nagadevi Theatre, Rajahmundry. 533104",4.0,9866444327
Sri Lalitha Hospitals Insitute Of Laparoscopic Surgery And Training,16.95773181,82.23665621,"D.NO:13-3-2/3,OPP ANAND BHARATHI,CINEMA ROAD",3.5,9848063167
S.A.I. Hospitals,17.011849,81.771291,"D.NO: 2-11-97, ARYAPURAM MIDDLE STREET",3.6,8297121377
Safe Emergency Hospital,16.970757,82.23734,"2-2-7, USHAPRIYA COMPLEX, BHANUGUDI JUNCTION, KAKINADA",3.6,9848266655
KIMS (Krishna Institute of Medical Sciences Ltd) Rajahmundry,17.001217,81.786137,"KATARIGARDENS, SEELAM NUKARAJU COMPLEX ROAD,Rajahmundry",4.9,9542520999
KAR HOSPITAL ORTHPAEDICS AND MULTI SPECIALITY,16.931896,81.953678,1-526,2.8,9848227777
NARAYANA REDDY EYE HOSPITAL,16.931867,81.955291,1-426,4.6,9440204291
DR BRM CAREWELL HOSPITAL,16.970089,82.240124,2-6-32/3,2.7,9866029441
PANDURANGA PRAJA VYDYASALA,17.358099,82.538685,2-17-29,4.9,8854256061
SRI VIJAYA MULTI SPECIALTY HOSPITAL,16.761264,81.841404,8-10-30/1,2.8,9100459467
ASCENT HOSPITALS A UNIT OF ASCENT MEDI EXCELLENCE PRIVATE LIMITED,17.007256,81.791686,78-16-7,3.4,9440594094
SIDDARATHA NURSING HOME AND POLYCLINIC,17.00982,81.77511,29-14-96,4.0,9866509116
SRI AKSHARA HOSPITALS,16.965358,82.231936,2004-09-07 00:00:00,2.8,9949470277
NEPHROPLUS (GGH KAKINADA),16.95474,82.229348,"GOVERNMENT  GENRAL HOSPITAL,GGH ROAD,RR ROAD,KAKINADA-01,EAST GODAVARI DISTRICT ,AP PIN 533001",4.0,9381661949
Sreelatha Hospital,17.011116,81.771739,12-21-4Aryapuram,4.8,9397905700
Chakradhar Hospitals,16.999436,81.795583,"D.NO.85-6-24/1,R.T.C.COMPLEX ROAD, V.L.PURAM JNRAJAHMUNDRY",3.7,9618089455
Life Line Emergency Neuro and Trauma Hospital,16.970328,82.238687,"70-1-31/3,RAMANAYYAPETA,N.F.C.L.ROAD,KAKINADA",4.5,9293783153
Siddhartha Hospital,16.947287,82.231816,"34-1-20, TEMPLE STREET, KAKINADA-533001",5.0,9573777489
Dr.KVR HOSPITAL,16.905231,82.000476,"6-18,MAIN ROAD,RAYAVARAM,EAST GODAVARI DIST,PIN: 533 346.",4.6,9492435810
TRUST HOSPITAL A UNIT OF SARVOTTAM HEALTH CARE PVT LTD,16.995628,82.241029,"3-29,GAIGOLUPADU ROADPAVARAM JUNCTION,NEAR NTR STATUE533005",2.9,9000734555
ARUNA HOSPITAL,16.9698,82.223447,8-19-4/5,3.1,7680000185
CHANAKYA HOSPITAL,16.910548,82.000803,6-256,4.6,9849818717
RAMYA HOSPITALS,16.96504,82.223804,9-11-130,3.4,9494049999
INODAYA HOSPITALS A UNIT OF GODAVARTHY NARASIMHA MURTHY HEALTHCARE PVT LTD,16.984725,82.242223,70-7-7/11,2.8,9848403304
YASHVEDHHEALTHCARESERVICES,16.994355,82.238282,69-18-2/1,4.7,7799440333
SRINIDHI HOSPITALS VN NURSING HOME,16.574303,82.002142,3-2-117/E,3.3,9963369666
TAPANI HOSPITAL,17.010367,81.771277,2004-11-11 00:00:00,4.9,8008325689
7 STAR SUPER SPECIALITY HOSPITAL,16.955791,82.234503,"20-01-61,",4.8,8333814239
Swatantra HospitalsM.S Pvt Ltd,17.014131,81.777474,RAJAHMUNDRY,4.6,9550521218
Gsl Medical College And Gsl General Hospital,17.066518,81.882895,RAJAHMUNDRY,4.0,9494186402
Samudra Healthcare Enterprises Ltd Apollo Hospital Kakinada,16.960555,82.235855,KAKINADA,4.8,9701568856
KAMALAKAR HOSPITAL,17.006727,81.78957,D.NO.75-7-20,4.1,9441819845
SANJIVI INSTITUTE OF ORTHOPAEDICS and SUPERSPECIALITIES PVT.LTD,16.963167,82.233653,"11-11-1, RAMARAOPETA, TWOTOWN CENTER, behind nookalamma temple, 533004",3.8,9848532323
RAJAHMUNDRY ORTHOPEDIC HOSPITAL,17.0082966,81.7864883,"75-1-18, PRAKASH NAGARRAJAHMUNDRY,  East Godavari",4.7,9959332999
PULSE EMERGENCY HOSPITAL,16.9696318,82.2339673,1-15-3/1,4.9,9160335993
SRI RAVI HOSPITALS,17.007618,81.79516,D.NO 86-05-05 TILAK ROAD,3.6,9866720835
VIJAY HOSPITAL,17.0051708,81.7778397,"d.no-46-15-13,DANVAIPETA",4.1,9553600833
AKIRA EYE HOSPITAL,17.013208,81.771648,12-20-18,3.9,9866217817
SURAREDDY NURSING HOME,16.922283,82.013417,1-42-59/4,3.5,9866111009
SARADHI HOSPITALS,17.007936,81.789905,74-1318,3.7,9885564469
SUNRISE HOSPITALS A UNIT OF SANKHYA AND SRINIDHI HOSPITALS PVT LTD,16.971071,82.236849,2-27-15,4.5,9059064908
GANDHI HOSPITAL,16.832991,82.033311,2012-02-11 00:00:00,4.3,9494759669
GANDHI HOSPITALS,17.005954,81.785699,76-6-4,3.4,9491605725
RS NEURO AND MULTISPECIALITY HOSPITAL,17.008256,81.785496,46-21-10,3.4,9100350797
NARAYANAREDDY HOSPITALS,16.875925,81.929013,34-16-51,3.5,9441496712
KUSUMA HOSPITALS,16.967344,82.232027,7-7-5/4,2.7,9848160229
DR AGARWALS HEALTH CARE LIMITED,17.010161,81.794637,54-9-8,2.6,9652632999
ANNAPURNA HOSPITALS EMERGENCY CARE CENTRE,17.018986,81.775791,2014-09-17 00:00:00,4.4,9246655186
REVATHI HOSPITAL,17.000692,81.804055,87-1-17,3.8,9849424194
BESTHOSPITAL,16.960961,82.228405,10-5-27/1,5.0,9848277202
SRI SANTHI ENT HOSPITAL,17.007085,81.785971,75-7-37/1,3.7,9247938888
Sri Sai Hospitals,16.303698,80.44161,GUNTUR,2.8,8333814266
Peoples Trauma And Emergency Hospital,16.298717,80.453215,GUNTUR,3.1,8886176611
Yerras Super Speciality Hospital,16.297161,80.44955,"12-23-3,KOTHAPET GUNTUR",2.5,9849180596
Amaravathi Institute Of Medical Sciences Pvt Ltd,16.298586,80.453604,"D.NO:13-4-74,OLD CLUB ROAD,M NARASAREDDY PLAZA,KOTHAPET,GUNTUR",3.1,9866994124
GUNTURKIDNEYANDMULTISPECIALITYHOSPITAL,16.304457,80.4616,15-11-1/10,2.8,9949677616
Bmr Hospital,16.303537,80.44051,GUNTUR,2.9,8333814274
TEJANURSING HOME,16.237434,80.047095,2003-02-05 00:00:00,2.6,9440184999
VENKATESWARA NURSING,16.232387,80.052309,12-1-4/1,3.4,7093778888
Hyma Hospital,16.307974,80.418911,Guntur,3.6,9246482876
Katuri Medical College  And Hospital A unit of Vignan Educational Foundation,16.225625,80.308042,"KATURI NAGAR, GUNTUR",3.2,8333814075
Nandana Hospital,16.296554,80.435801,GUNTUR,4.7,9346507407
Sri Ramachandra Childrens And Dental Hospital,16.298461,80.454595,GUNTUR,4.2,8333814075
Aswini Hospital,16.298761,80.45775935,GUNTUR,3.5,9849100144
M N Hospital,16.302506,80.434009,"5-37-77, 4/10,BrodipetGuntur",3.5,8333814292
St. Joseph,16.297522,80.44116,"D.No. 27-1-12, Near Fly Over, Opp. A.C. College, GUNTUR",4.4,8333814036
Sri Lakshmi Maternity And Surgical Nursing Home,16.29851,80.433647,"BESIDE SIVALAYAM, KOTHAPET, GUNTUR - 522001",5.0,9440787615
Sankar Eye Hospital,16.350311,80.493302,"VJA-GNT EXPRESS HIGHWAY,PEDAKAKANI (PO&MDL)Guntur District",4.7,9160201205
HEALTH HOSPITALSL.G Medical specialities,16.243086,80.646483,"7-5-88/A, PRAKASAM ROAD, TENALI - 522201",4.8,8333814300
VEDANTA HOSPITALS,16.307142,80.463508,15-11-154,4.7,9848413226
PUVVADA HOSPITALS,16.237393,80.046488,2001-01-05 00:00:00,4.0,9848214277
VUNNAMHOSPITALS,16.47895,79.89279,16-567MAINROAD,2.5,7207536506
V CARDIAC AND MULTI SPECIALITY HOSPITAL,16.236166,80.650314,22-15-12,3.8,9885662221
SUDARSANI EYE HOSPITAL,16.298287,80.449546,12-25-167,3.8,9394101616
VARABABU SUPER SPECIALITY HOSPITALS,16.228016,80.046507,2002-04-12 00:00:00,3.2,9951666811
ASWINI NETRALAYAM,16.238282,80.053948,16/2/166,4.2,8330922761
SANJIVI ORTHOPAEDIC AND PHYSIOTHERAPY CENTRE,16.310401,80.433399,2018-01-04 00:00:00,4.8,7095375599
TULASI MULTI SPECIALITY HOSPITAL,16.298511,80.454251,2001-06-13 00:00:00,3.8,9985673898
SRI RAMA HOSPITALS,16.31746,80.437515,22-103,4.4,9493726150
Manipal Health Enterprises PVT LTD,16.484434,80.61722,"Near Varadhi,Tadepalli,Guntur",4.3,9959888048
Karumuri Hospital,16.298608,80.453801,GUNTUR,3.5,9848016227
Lalitha Super Speciality Hospital P Ltd,16.295261,80.449619,GUNTUR,4.9,9441411055
Nri Academyof Sciences,16.414917,80.5575,GUNTUR,3.0,9177739739
MOTHER THERESA MULTI SPECIALITY,16.236923,80.047355,79,4.9,9246453222
KAVURU INSTITUTE OF MEDICAL SCIENCES KIMS HOSPITAL,16.297756,80.454262,7-5-9/2 II TOWN POLICE STATION ROAD,3.3,9966837333
SAILAJA MULTISPECIALITY HOSPITAL,16.295672,80.454406,13-8-65 66,2.6,8333814074
YASHASWI HOSPITALS,16.317823,80.470144,"Near Ape Auto Showroom, Opp.Mehar Baba Temple, Mangalagiri Road, 522001",3.9,9885053830
DR ANJI REDDY MULTI SPECIALITY HOSPITAL PVT LTD,16.478791,79.893643,"16-687, MAIN ROAD, PIDUGURALLAGUNTUR",4.9,8179668666
VISWAS HOSPITALS,16.29,80.45,"13-6-98 OLD CLUB ROAD, GUNTUR",3.5,9100071353
NARAYANA SUPER SPECIALITY HOSPITAL,16.298994,80.450731,"12-12-93,OLDCLUBROAD KOTHAPET",4.2,9542432277
LIKHITHA SUPER SPECIALITY HOSPITAL,16.238167,80.05452,satenapali road,3.1,9885598146
RK MULTISPECIALITY HOSPITAL,16.0948,80.16,0,4.0,9948432632
FARZANA HOSPITALS,16.23689,80.05636,"16-3-12/3,NIMMATHOTA,NARSARAOPET,Guntur",2.8,9848373567
BHAVANAM VENKATRAM MEMORIAL GBR SUPER SPECIALITY HOSPITAL,16.237152,80.045284,2008-01-10 00:00:00,2.7,9885123132
Balaji Cancer Care Centre,16.295115,80.450159,GUNTUR,2.8,9246481939
Ent Nursing Home,16.297306,80.449196,GUNTUR,3.9,8074847678
SAI TIRUMALA SUPER SPECIALITY HOSPITAL,16.235309,80.047012,2009-12-09 00:00:00,2.8,8333814039
SRI LAKSHMI SUPER SPECIALITY HOSPITALS,16.30282,80.448117,2012-01-12 00:00:00,4.2,8500828507
veeraiahchowdaryorthotrauma and multi speciality hospital,16.230545,80.052734,13-1-296,4.1,9440913255
VENNELA NETHRALAYAM,16.0534,79.7391,23-189,4.7,8333814073
Sri Evuru Subbarao Memorial Nursing Home,16.054598,80.683974,2-23-1,4.2,8008811197
NIMSTWENTYFOURTHEHITECHMULTI SPECIALITYHOSPITAL,16.056841,79.745331,23-194,4.3,9963008666
AMULYA NURSING HOME,16.2371,80.0567,2007-02-16 00:00:00,3.8,8333814073
PRAGATHI NURSING HOME,16.089,80.1703,15-426,4.0,9000607799
PALNADUHOSPITALS,16.4799,79.8919,7-234,3.4,8333814039
SRI BALAJI HOSPITALS,16.2986,80.4508,51-22-526,4.5,8333814041
AHALYA HOSPITAL,16.2656,80.4837,2017-10-12 00:00:00,4.5,9848590244
SRAVANI HOSPITAL,16.2938,80.4503,2016-01-13 00:00:00,2.6,7013966673
SANJANA SPECIALITY HOSPITAL,16.3942,80.1516,9-1-61/C,4.1,9440135148
SRIDATTASUPERSPECIALITYHOSPITAL,16.2308,80.0458,12-5-11/2TO6,2.8,9885097036
UDAY HOSPITALS,16.29699,80.44906,12-25-65,3.4,9248004405
NEPHROPLUS (GGH GUNTUR),16.2992,80.444,"WARD NO 116, RAILWAY STATION ROAD, SAMBASIVA PET, GUNTUR 522001",3.9,9440101940
Lakshmi Srinivasa Hospital,16.2986,80.4573,"15-1-29, New: 59-90Beside Manipuram Bridge Near RTC Busstand",4.8,9494151618
RR SPECIALITY HOSPITAL,16.2964,80.4528,Guntur,3.3,8333814074
PRAJA VYDYA SALA,16.32,80.4143,1-2-4/A,3.3,9885261291
AHALYA NURSING HOME,16.3002,80.4492,12-10-16/3,3.5,9398155908
AMERICAN ONCOLOGY INSTITUTE A Unit of CTSI,16.314209,80.435028,"D NO 6-224/2, AT NRI GENERAL HOSPITAL COMPOUND",4.4,8333814042
C V R HOSPITAL MULTI SPECIALITY,16.314209,80.435028,10-1-8SAMBASIVAPETA 1ST LANE,4.5,8333814038
SRI KRISHNA HOSPITAL,16.2366359,80.0148375,9-12-1STATION ROAD,4.0,9550936726
DVC Hospital and Research Centre,16.2379,80.5583,12-290,3.7,9849799766
AMRUTHA HOSPITALS,16.2986,80.4527,1995-12-12 00:00:00,2.7,9611064634
AMAR ORTHOPAEDIC HOSPITAL,16.307248,80.436548,2012-02-13 00:00:00,3.7,8919484656
Lakshmi Aarush Health Care Pvt Ltd  Cathlab-Interventional Cordiology Service Provided to Government of AP -Government General Hospital-Guntur,16.2992,80.444,"House No  Podili Prasad Super Speciality Blok,  2nd floor, Government General Hospital, Opp Railway Station, Guntur",4.0,8333814036
AMMA CHILDRENS HOSPITAL,16.299,80.4528,2011-04-13 00:00:00,2.6,9912720099
SRI GEETHA SUPER SPECIALTY EYE HOSPITAL,16.30987,80.43275,5-91-2,4.6,8297233336
SUSMITHA ORTHO AND TRAUMA CARE,16.2357,80.0556,16-2-137,4.9,8333814039
SREE PRATHIMA SUPERSPECIALITY HOSPITAL,16.2989,80.4566,12-11-648,4.9,9573406688
LATHA CHILDRENS HOSPITAL,16.297,80.4451,1930-02-10 00:00:00,3.2,9885102600
Dr Agarwals Health Care Ltd,16.2987576,80.4553837,13-2-71Old Club Road Kotha Pet,3.8,8333814074
KONDAVEEDU ENT HOSPITALS,16.2357,80.0555,16-2-134,3.7,9440758731
VENKATESWARA MOTHER AND CHILD HOSPITALS,16.237424,80.047449,2006-03-05 00:00:00,4.6,9440878678
KRISHNA NURSING HOME,16.2959,80.4502,1981-01-15 00:00:00,3.3,9492487451
AMERICAN ONCOLOGY INSTITUTE UNIT OF CTSH PVT LTD,16.33127,80.486961,"DO.NO-447,448MAIN ROAD PEDAKAKANI",3.2,8333814042
KNR HOSPITAL,16.334636,80.487187,4-14-227/1,3.1,9949040218
ASWANI NURSING HOME,16.2949,80.4491,12-25-120,2.9,9652435743
SREE SRINIVASA MULTI SPECIALITY HOSPITAL,16.23802,80.04645,5-5-78/38,3.4,9866811668
Dr Agarwals Health Care Ltd,16.2987576,80.4553837,13-2-71Old Club Road Kotha Pet,3.0,9030296575
TIRUMALA NURSING HOME,16.0495,79.7418,30-211,3.7,9741902668
Nagarjuna Hospital,16.48726,80.684152,"7-70 , KANURU , VIJAYAWADA - 520007",3.2,8985298622
Andhra Health Diagnostic Services LimitedGlobal Vijayawada,16.510928,80.618617,VIJAYAWADA,3.4,9573102640
Trust Hospital,16.500809,80.654004,VIJAYAWADA,4.0,9490401367
Pinnamaneni Institue Of Medical Sciences,16.552586,80.830855,VIJAYAWADA,4.4,8333814338
ANNAPURNA MULTI SPECIALITY HOSPITAL,16.44193,80.992277,10/165,4.6,7893541903
Heart Care Centre,16.506174,80.648015,Vijayawada,3.0,9885038749
M V S Accident Hospital,16.511072,80.638093,"D.NO:33-18-15, Near Puspha Hotel, SuryaraopetVijayawada",3.4,9640133303
HCG Curie City Cancer Centre Health Care Global Enterprises Ltd,16.524295,80.65542,"BESIDE GOWTHAM INTER NATIONAL SCHOOL, PADAVALAREVU,GUNADALA,VIJAYAWADA",3.3,9491725804
Time Hospitals Private Limited,16.4876745,80.6774843,"Gurunanak Nagar,Vijayawada,Krishna-District",4.8,9848057236
LIBERTY HOSPITALS,16.48993,80.671548,"74-1-2,KINGSQUARECOMPLEXOPP.AUTONAGARBUSTERMINALS",4.9,8247480388
VISWA CHAKRA ORTHOPAEDIC HOSPITAL,16.178346,81.136587,26/323,3.7,9908787779
SRIKARA,16.497614,80.655573,40-1-65,2.8,9701244770
Usha Cardiac Centre Limited,16.501218,80.642395,VIJAYAWADA,3.8,9440032892
METRO SUPERSPECIALITY HOSPITALS,16.510936,80.632251,"D NO 29-14-32, Prakasam Raod, Near Nakkala Road cross junction, Suryaraopeta, Vijayawada -520002",2.9,7702226767
HCG City Cancer Centre,16.511429,80.63824,"D.NO.33-25-33,CH.VENKATA KRISHNAIAH STREET SURYARAOPET,VIJAYAWADA",4.3,8333814365
Help Hospitals Pvt Ltd,16.508863,80.627391,VIJAYAWADA,4.0,8333814367
Citi orthopaedic center,16.5077987,80.6404632,32-6-18A,3.4,9030194416
SENTINI HOSPITALS PRIVATE LIMITED,16.50983,80.664958,"DR NO:54-15-5,B&C BESIDE VINAYAK THEATER RING ROAD VIJAYAWADA",3.3,8333814371
CHIKITSA HOSPITALS,16.547807,80.654154,77-17/3-7,3.9,9490438306
Boppana Medicare Limited,16.512088,80.633686,"D.No. 15-177/1 Poranki Post, Vijayawada Mandal, Krishna District",2.9,9848593934
AIMS for CHILD HEALTH,16.51171,80.634651,"29-23-31, Tadepallivari Street, Vijayawada, Krishna",2.7,9440260155
SRI ANUHOSPITALS Pvt  Ltd,16.511697,80.637546,2-28/1-13  KOVDAMUDIVARI STREET  SURYARAO PETA VIJAYAWADA 2VIJAYAWADA,4.8,9848723111
LIFE LINE TRIMURTY HOSPITAL,16.510982,80.635089,"29-19-80, DORNAKAL ROAD, SURYARAOPETVIJAYAWADA (URBAN)VIJAYAWADA",4.0,9490608122
MARTHA HEALTH CARE SERVICE PRIVATE LIMITED,17.11342,80.61468,"16-99-3,ASHOK NAGAR,TIRUVURU",3.8,6379746841
SUNRISE HOSPITALS,16.512836,80.639262,33-25-35,3.4,8333815869
KAMINENI HOSPITAL,16.495715,80.703151,1951-01-01 00:00:00,4.9,9705455006
PRAVEEN CARDIAC CENTRE,16.507801,80.642757,32-9-18,3.0,9966753790
VIJAY ORTHOPEDIC AND ACCIDENT CARE,16.512317,80.631409,2007-05-29 00:00:00,4.6,8297279494
VIJAYA SUPER SPECIALITY HOSPITAL,16.513608,80.63732,29-26-92A,4.3,7893567731
ANDHRAHOSPITALSVIJAYAWADAPVTLTD,16.511026,80.629711,29-14-64,3.9,9618159100
ANDHRA HOSPITALS MACHILIPATNAM A UNIT OF VISWADEEP MEDICAL SERVICES PVT LTD,16.17621,81.125215,4/124-125,4.2,8466996281
SRI SWARUPA SUPER SPECIALITY HOSPITAL,16.50985,80.63725,29-13-44,3.9,9849977103
NEPHROPLUS (GGH VIJAYAWADA),16.51687,80.66971,"MEDICINE BLOCK,1ST FLORR, NH 16 SERVICE ROAD, NEAR MEDICAL COLLEGE, BESIDE NTR HEALTH UNIVERSITY, GUNADALA, VIJAYAWADA 520008",3.7,9490113613
CHAITANYA HOSPITAL,16.50425,80.64768,40-5-19/4TIKKLE ROAD,2.6,9440097687
CAPITAL HOSPITALS,16.47776,80.70162,1-177/1,2.6,9505289289
Lakshmi sandhya Healthcare Pvt Ltd,16.51634,80.6111,29-13-90,3.4,9848185960
MS SANKARANETRACHIKITSALAYA,16.50013,80.65593,59-14-1/2,2.6,9963049045
K V SHINE HOSPITALS PRIVATE LIMITED,16.51013,80.63732,33-18-2,3.2,8297037278
INDOBRITISH HOSPITAL,16.51801,80.67011,54-15-4/4A,3.6,7036837324
HYDERABAD EYE INSTITUTE,16.4708,80.70064,2004-03-01 00:00:00,4.0,9390513748
ANU INSTITUTE OF NUERO AND CARDIAC SCIENCE A UNIT OF SRI ANU HOSPITALS Pvt Ltd,16.51963,80.69455,3-20/14,4.4,9491736201
ROOPA ORTHOPAEDIC AND MULTI SPECIALITY HOSPITAL,16.49257,80.6656,73-5-2,3.4,9640374640
BEST HOSPITAL,16.52058,80.6918,6-119/1,2.8,9866053184
BMR HOSPITALS,16.51177,80.63866,33-25-33B/1BS RAO STREET,4.3,8008449922
DR TVS CLINIC,16.51613,80.62321,14-14-30,3.1,9858965202
SMILE MULTISPECIALTY HOSPITALS,16.54018,80.6398,43-113-12,4.9,9494490681
NIMRA INSTITUTE OF MEDICAL SCIENCES AND RESEARCH CENTER,16.60616,80.50373,1990-04-01 00:00:00,3.4,9652484710
TAMMA VINOD REDDYS SRUTHII HOSPITALS,16.33112,80.96808,32/85,4.5,9959156365
Vijaya Hospital - Kurnool,15.802933,78.047446,KURNOOL,3.9,9347572606
RR.HOSPITAL,15.828804,78.036294,40-304-10,3.9,9493371487
"OMNI Hospitals, a unit of Ms. Incor Padmachandra Hospitls Pvt. Ltd",15.823548,78.04136,Kurnool,3.4,7794032604
OMEGA HOSPITALS A UNIT OF KURNOOL INSTITUTE OF ONCOLOGY PVT LTD,15.795576,78.063667,PLOT178/173,3.0,8977991958
DEEPAK TEJA HOSPITAL,15.836126,78.036879,40-582-1-A-3,4.0,9440079623
Shantiram Medical College  General Hospital,15.492521,78.417448,"NH-18,NandyalKurnool",4.6,9381462385
Aayushman Hospital,15.837096,78.026101,"45/142A1, Venkata Ramana Colony",4.5,9505353280
Gowri Gopal Hospital,15.824548,78.041079,"HANDRI RIVER,KURNOOL",4.9,9494222491
G V R Children Hospital,15.83571,78.04224,"43/48 2nd Lane, Kurnool.",4.8,8106314375
Viswabharathi General Hospital,15.742863,77.880278,"SURVEY NO.630,R.T NAGAR, PENCHIKALAPADU(V), NEAR:K.NAGALAPURAM(P), BELLARY ROAD, KURNOOL- 518463",2.5,8333814410
Swami super speciality Netralayam,15.485404,78.479564,25/300H2,2.6,9949220150
MEDICOVER HOSPITALS A UNIT OF SAHRUDAYA HEALTH CARE PRIVATE LIMITED KURNOOL,15.825083,78.030954,51-1E/2SYNO419/B2,3.5,9985277669
NOBLE MULTI SPECIALITY HOSPITAL,15.838145,78.041094,43/194-2A,4.2,9032567457
MADHUMANI NURSING HOME,15.486368,78.488909,2-444C,3.8,9642333360
SUNRISE ORTHO AND MULTISPECIALITY HOSPITALS,15.798,78.05268,87/1349,5.0,9494221207
NAMRATHA HOSPITAL,15.81764,78.04272,51/916B86C,3.6,9441688916
VASAVI APEX HOSPITAL,15.812332,78.039671,50-760A-116,4.4,7416326130
KURNOOL RAINBOW HOSPITALS,15.812795,78.055743,69/213-K-9,4.8,9581206783
SREE ASHWINI HOSPITALS,15.81764,78.04272,50-760-A-85-4,3.1,9100356541
SREE SAI MULTISPECIALITY HOSPITAL,15.46289,78.48289,21-125/A1-1,3.5,9294005172
Seven Hills Super Speciality Hospital,15.486177,78.4877451,2-429,4.3,9133210011
NEPHROPLUS (GGH KURNOOL),15.837373,78.030729,"SUPER SPECIALITY BLOCK,1ST FLOOR, BUDHWARPET ROAD, KURNOOL.518002",3.0,9849243607
MADHU CHILDREN HOSPITAL,15.485336,78.489548,2/428/124/B14,3.1,9849161665
SAI VANI HOSPITALS,15.485896,78.476331,25/394-D5,5.0,7799044345
RENUKA MULTISPECIALITY  HOSPITAL,15.835242,78.042394,43/10,3.3,9441881799
K G N MULTI SPECIALITY HOSPITAL,15.82792,78.045776,39-7-A-1-31-1,4.9,9346348654
K V R HOSPITAL,15.487873,78.479536,25-29,4.6,9985325358
SAIRAM NURSING HOME,15.764742,77.474878,2165-01-01 00:00:00,4.9,9440208628
NAMRATHA HOSPITAL,15.826821,78.027448,"D.No:51/916-B-86-C,SVR COMPLEX",4.0,9059592519
SRI SAI SATYA HOSPITAL,15.814464,78.044906,46-1-SS-1,4.3,9908209898
BALAJI HOSPITAL,15.835204,78.04224,"43/19, N.R PET, KURNOOL",2.9,8978133398
VISWABHARATHI HOSPITAL,15.743906,77.881216,"50-760-A-4, GAYATHRI ESTATE, KURNOOL",3.9,8801608636
SAI MEGHA MULTISPECIALITY HOSPITAL,15.801312,78.04848,87/1243-1,3.8,9492844604
SRI CHAKRA HOSPITAL,15.819765,78.041752,46/735BUDHAWARAPETAKURNOOL,3.5,9849333781
VYSHNAVI HOSPITAL,15.4,77.861,7-449-5-1,2.9,7893606542
NARMADA HOSPITAL,15.4777,78.4873,21/125-15-3,4.4,9849790731
ASWINI HOSPITALS,15.813841,78.037665,"1-55-1-18-1,GOUD CENTRE, K.G.R",2.6,9014429988
SRI VIJAYA DURGA CARDIAC CENTRE,15.81223703,78.03998102,50-760-A-114,4.5,9502270007
SANJEEVANI HEALTH CARE,15.843957,78.025678,"201/2A2,MAMIDALAPADU,KURNOOL",2.6,9440205434
SUSEELANETRALAYAANDMATERNITYHOSPITAL,15.824098,78.040792,"46-89-11,LAKSHMINAGAR,KURNOOL,Andhra Pradesh.",3.4,8886288002
SRI HARSHA HOSPITAL,15.804083,78.045751,25/415-A5,4.3,9550219090
SHRI VIJAYA DURGA ORTHOPAEDIC CENTRE,15.819649,78.041661,46-728CBUDHAWAR PETA,4.9,9848024663
AMMA HOSPITAL,15.801054,78.047092,87/654-1A,2.8,8297520430
GNR HOSPITALS,15.81269,78.037755,50/760/A7,3.3,7337225255
KURNOOL HEART AND MULTI SPECIALITY HOSPITAL,15.814543,78.044241,46-1-1-K-B4,5.0,9441094412
RAINBOW INSTITUTE OF CHILD HEALTH AND MATERNITY HOSPITAL,15.813249,78.056442,43/195-1,3.9,9392291220
SGR HOSPITALS,15.832203,78.038579,40-447-18,3.6,9490197955
AMEELIO HOSPITAL A UNIT OF SURAKSHITHA HEALTHCARE PVT LTD,15.824183,78.014807,51/15-A-H-1,4.4,8790435376
K M HOSPITALS,15.827349,78.047584,1994-11-01 00:00:00,3.6,7981474253
SUKHEEBHAVA HOSPITAL,15.809932,78.022828,77/142-1,3.8,8897170428
V R MULTI SPECIALITY HOSPITAL,15.839529,78.062261,44-166-167,4.6,8790620425
SUNRISE MULTISPECIALITY HOSPITAL,15.485829,78.489746,25/700-1,4.3,9989448520
VIJAY CARE HOSPITAL,15.806085,78.038546,1-B-CAMP,2.9,9849013222
CNHOSPITAL,15.804617,78.038825,87/617-5,3.6,9492844604
JAYA SPECIALITY HOSPITAL,15.48361,78.473231,25/415/A5-7,3.5,7730066000
AGRASENI HOSPITAL,15.814883,78.042184,46-1-BKST-504,4.0,9966845590
SRI GAYATHRI HOSPITAL,15.824545,78.030143,51/6,4.2,8074991984
KVS MOTHER and CHILD HOSPITAL,15.398196,77.875017,1982-09-01 00:00:00,3.3,9533119936
VIJAYA CARE MULTISPECIALITY HOSPITAL AND INFERTILITY CENTRE,14.452153,79.987823,16-2-477,4.7,9440267233
Ircs Cancer Hospital Indian Red Cross Society Cancer Hospital,14.426778,79.959006,Nellore,3.2,9502905094
Jayabharat Hospital,14.445059,79.983323,"16/2884,SOMASHEKARAPURAM,NELLORE",4.8,9704669053
Ravi Institute Of Child Health Pvt Ltd Rich Hospitals Nellore,14.449953,79.985104,"16-II/131, KASTURIDEVINAGAR, POGATHOTA, NELLORE",2.9,8333814430
Vijaya Krishna Hospitals PLtd.Vijaya Hospital,14.449031,79.983156,NELLORE,3.5,9701378050
Anasuya Institute Of Medical Sciences,14.449191,79.984812,NELLORE,3.2,9440232639
Aravind Kidney Center,14.455808,79.987448,"15/402, BRINDAVANAMNELLORE",3.8,8125919309
Kandukuri Hospital,14.916815,79.995173,Nellore,4.8,9502414797
St.Josephs General Hospital,14.457675,79.983006,"SANTHAPET ,NELLORE",5.0,8333814443
Krishna Institute of Medical Sciences Bollineni Hospital Nellore,14.434504,79.96827,"DARGAMITTA,NELLORE",3.3,8985841265
SRI VENKATESWARA PRAJA VYDYASALA,17.775142,83.244926,1991-02-01 00:00:00,5.0,9440573770
Narayana Medical College Hospital,14.425973,80.013642,"CHINTAREDDYPALEM,NELLORE.",4.1,8333814452
DR PRAVEEN HOSPITAL,14.9117733,79.9883685,10-22-6,4.9,8332811471
MYDHILI HOSPITAL,14.094397,79.884839,14/20,3.0,9966277111
C R Reddy Hospital,14.041884,79.831181,13-264,2.6,9059688325
VIJETHA EYE HOSPITAL,14.4540722,79.9849919,15/274,3.3,8686506940
Modern Eye Hospital and Research Centre,14.449093,79.985187,16-II-99,3.4,9052455599
NEPHROPLUS (DSR -NELLORE),14.32504,79.92323,"Government Genral Hospital,ACR medical college,Nellore",3.6,8185860166
AMARAVATHI HOSPITALS,14.155244,79.926658,14/267,3.1,8686585936
RAINBOW SUPER SPECIALITY HOSPITAL,14.45205,79.985889,"16-2-686, GANDHINAGAR, NELLORE",4.2,9989999540
DR HR SMART VISION EYE HOSPITAL,14.4495753,79.981812,16/2/109,3.6,9701363507
Anvesh Mother and Child Hospital,14.1458203,79.851658,6-165-1,3.3,9550491351
TRINITY HOSPITAL,13.9023747,79.9040057,"1-151,SRI RAM NAGAR,NAIDUPET",3.8,9392116350
ABHIRAM INSTITUTE OF MEDICAL SCIENCES,14.6256,79.622753,2/145,4.3,8333814879
"Medicover Hospitals A Unit of Abhayanjaneya Health Care Private Limited, Nellore",14.436504,79.999432,NH-5,3.9,8008104108
LOTUS HOSPITAL,14.448613,79.984412,1951-02-16 00:00:00,3.0,8297391033
NIZAMS LITTLE STAR CHILDREN HOSPITAL,14.443859,79.978978,23/1045,4.2,9490477982
Dr G Vijayakumar Memorial Nellore Hospital,14.442876,79.980287,16/1/715/D,3.7,8985261921
SRI SAI MULTISPECIALITY HOSPITAL,14.9117733,79.9883685,10-5-20A,2.5,9490230525
MADURAI NETRALAYA,14.4504119,79.9828324,164284/1KASTURIDEVINAGARPOGATHOTA,4.2,8985966872
MADURAI NETRALAYA,14.4504119,79.9828324,164284/1KASTURIDEVINAGARPOGATHOTA,2.7,9866194213
Venkataramana Nursing Home,17.727953,83.303026,ONGOLE,4.3,7702497606
PRAKASAM SUPER SPECIALITY HOSPITAL,15.511866,80.040459,37-169/49,3.9,8886749460
pandu children and multi speciality hospital,15.511574,80.040618,37-1-169/33a,2.5,9494654370
aluri multispeclality hospital,15.511366,80.042075,7-1-169-79a,2.6,9440266364
Dr. Kota Reddy Multi Speciality Hospital,15.219021,79.913086,"Ongole,Prakasam",4.1,9985867220
ss medicare multispeciality hospital,15.80371,79.97745,32/273,3.2,6300143811
GORANTLA SUPER SPECIALTY HOSPITAL,15.8261,80.3586,2021-01-01 00:00:00,4.3,9885553474
MUPPA ROSAIAH HOSPITAL,15.13,79.543,1953-01-19 00:00:00,4.6,7075809780
KAKUMANI HOSPITAL,15.4932,80.0496,37-1-5-17,3.9,9866312481
SRI PRASANTHI HOSPITAL AND TESTTUBE BABY CENTRE,15.375666,78.927992,37-1-169/33/B,3.5,9492469897
SRI KAMAKSHI CARE HOSPITAL,15.82891,80.35928,1980-01-09 00:00:00,4.2,9441967583
Ongole Childrens Hospitals,15.51129,80.03688,20-6-130-A,4.9,9350712345
SRIKARTHIKEYA CARDIAC CENTRE,15.51166,80.03597,1983-06-20 00:00:00,4.5,9440714596
SAI NURSING HOME,15.48229,80.04656,1961-07-20 00:00:00,2.5,9581773494
Vaatsalya Hospital,15.482212,80.046652,37-1-413/A,3.4,9849063217
NEPHROPLUS (RIMS-ONGOLE),15.47907,80.04831,"Rims,Bhagyanagar,Ongole,5th lane 523001,Ongole,Prakasham dist",4.8,9573739436
Manne Pardhasaradhi Memorial Hospital,15.51396,80.04241,3-319/2,4.8,9912445041
MODERN EYE HOSPITAL AND RESEARCH CENTRE,15.4937008,80.0381287,7-13-1FIFTH LANE LAWYERPET EXTENTION,4.0,9849799210
CHANDAMAMA CHILDRENS HOSPITAL,15.510703,80.039365,20/7/62(1),2.6,9052928666
AMRUTHA HEART HOSPITAL,15.516874,80.043713,4-46(36-1),3.3,9177773111
HCG Mnr Curie Cancer Centre Health Care Global Enterprises Ltd,15.527015,80.048994,"RS NO:186/1, BESIDES GOVT ITI COLLEGE, Ongole, Prakasam",2.8,9966844503
SAI VEENA CHILDRENS HOSPITAL,15.514994,80.044451,"3-312, 60 FEET ROAD, ONGOLE, Prakasam",3.8,9440265128
KAMALA NURSING HOME,15.512454,80.0465161,"34-1-166-13, kamala nursing ho",3.4,9247171500
DGR HOSPITAL,15.379901,78.935668,8-7-21-21A,3.8,9849722099
SRESHTA CHILDRENS HOSPITAL,15.5150534,80.0440522,SIXTY FEET ROAD,2.6,9491429897
RAVI MOTHER AND CHILDREN HOSPITAL,15.511152,80.03624,"T.S.NO:3/4 ,NIRMAL NAGAR,ANJAIAH ROAD,NEAR AKSHARA SCHOOL,ONGOLE",4.2,9849115523
ANEESH KIDNEY CENTRE,15.51149,80.03886,"20-7-68,POWER OFFICE ROAD LAMBADI Donka ,Ongole,Prakasam district",4.6,9177690385
SANGHAMITRA HOSPITALS PVT LTD,15.479076,80.048275,58/2B,4.4,9550006366
"Krishna Institute of Medical Scinces Ltd., Ongole.",15.534123,80.05475,153/3A,3.1,8886642056
SURAKSHA HOSPITAL,15.824049,80.361428,62-2-58,4.0,9248388599
PRASAD MULTI SPECIALITY HOSPITAL,15.497097,80.048688,37-1-382-6,4.7,9866408555
ANJANI SUPER SPECIALITY HOSPITAL,15.514169,80.043906,3-3/304,3.6,9652668591
Janatha institute of medical sciences,15.50339,80.04249,5-1/1-1/A,4.6,9985494786
SAI SINDHURA INSTITUTE OF MEDICAL SCIENCES,15.73245,79.26728,1-192,2.8,9493591517
SHRI KANDULA OBULA REDDY HOSPITAL,15.73831,79.27032,4-255,2.5,9705362611
AmmaChildrensHospital,15.51214,80.03928,37-1-169,4.4,9963418533
SKR ICON SUPER SPECIALITY HOSPITAL,15.82729,80.35732,9-1-98/2,4.7,9966664131
VASUDHAKALYAN MULTI SPECIALTY HOSPITAL,15.51175,80.0395,20-7-55-1,3.9,9849049046
M S Baggu Sarojini Devi Hospital,18.309195,83.897363,"2-2-131,ILLISIPURAM WEST,SRIKAKULAM,A.P.-532001",3.1,9701369913
Sindhura Hospitals,18.306715,83.893053,"NEW BRIDGE ROAD, DAY & NIGHT JUNCTION, SRIKAKULAM",4.2,9701548484
NEPHROPLUS (RIMS SRIKAKULAM),18.31354,83.88591,"RIMS GOVERNAMENT GENRAL HOSPITAL,BALAGA,SRIKAKAULAM 532001",5.0,9985823984
KIMS SAI SESHDRI HOSPITAL,18.304591,83.881838,137,4.5,9848163689
GMR Varalakshmi CARE Hospital,18.460122,83.661489,201/1/2/3/4/5/6,4.8,9666009884
GEMS HOSPITAL ADITYAEDUCATION SOCIETY,18.3515735,83.90259006,3-325,3.0,9391489207
DR GOLIVI HOSPITAL PVT LTD,18.313598,83.895432,G-5,5.0,9440584162
P V S RAMA MOHANA RAO HOSPITAL,18.35434,83.75832,1942-01-01 00:00:00,4.1,8555881018
AMRUTHA HOSPITAL,18.44853,83.66858,6-615,4.1,9642143246
Lions District 324 C1 Cancer Treatment And Research Center,17.744435,83.308349,VISHAKAPATNAM,3.4,8333814507
Vasugan Medical Specialities Pvt Ltd Indus Hospital-Vizag,17.710763,83.302664,VISHAKAPATNAM,3.5,7780169437
Nri General Hospital,17.921612,83.426289,"plot no 45,SANGIVALASA, BHEEMUNIPATNAM MANDALAM-PIN - 531162 Visakhapatnam",3.9,9393111064
Sree Sivani Multi Speciality Hospital and Research Institute Private Limited,17.707347,83.309442,"2 ND,LEFT LANE,COLLECTRATE OFFICE, BEACH ROAD, VIZAG-02",2.6,9848191332
"LG Hospital,Vishakhapatnam",17.709537,83.305722,2017-01-17 00:00:00,4.7,9989747704
STAR PINNACLE HEART CENTRE PVT LTD,17.763256,83.307871,2012-11-10 00:00:00,4.7,9573888003
HCG Pinnacle Cancer Centre,17.763757,83.308289,2012-11-10 00:00:00,4.1,9000948949
SMILECARE MULTISPECIALITY DURGA HOSPITAL,17.735985,83.271491,39-91108,5.0,9505639999
VISAKHA HOSPITALS AND DIAGNOSTICS LTD CARE HOSPITAL III,17.710109,83.304337,43-9-201,3.8,8143551943
RAGHAVENDRA HOSPITAL,17.686848,83.218497,49-54-10/A,3.9,9247980430
Shankar Foundation And Eye Institute,17.765801,83.220502,Visakhapatnam,3.1,8333814521
KIMS ICON HOSPITAL(A Unit of ICON Krishi Institute of medical Sciences(P)Ltd),17.714422,83.195697,32-11-2,2.9,9866396969
Care Hospital,17.727636,83.294048,"MAIN  ROAD, VIZAG",3.6,9440192217
Surya Sri Hospital Private Ltd.,17.708149,83.309822,"KRISHNA NAGAR,VIZAG",3.7,9949726259
Ms Mahatma Gandhi Cancer Hospital and Research Institute,17.743561,83.335603,"1/7  M.V.P.COLONY,VIZAG",4.8,8790962357
Apollo Hospitals Enterprises Ltd - Vizag,17.717087,83.309211,"SIRIPURAM MAIN ROAD,VIZAG",2.9,9000074964
Annapoorna Hopsital,17.727421,83.304804,"47-9-32, 3rd Lane, Dwarakanagar,VISAKHAPATNAM",2.7,9849555875
Sagara Durga Hospital,17.70865,83.310973,"15 - 13 - 6, KRISHNA NAGAR, MAHARANI PETA , Visakhapatnam",3.5,9848343245
Pradhama Multi Speciality Hospitals and Reasearch Institute Ltd,17.747936,83.332012,1983-01-01 00:00:00,4.8,9440191344
Q ONE BONE AND JOINT HOSPITAL,17.762412,83.307977,13-A,3.2,9100128279
S R HOSPITAL,17.752995,83.217263,8-271,3.6,9908481651
Dr Demudubabu Kamala Nursing Home,17.740287,83.25079,38-40-101,4.3,9949233428
SKE SUSRUTA INSTITUTE OF MEDICAL SCIENCES PVT LTD,17.764004,83.309054,14-A,4.5,9849125856
Padmaja Hospital,17.686733,83.203583,"OLD GAJUWAKA JUNCTION, VISAKHAPATNAM",3.5,9160673477
Sai Spoorthy Hospital,17.727512,83.303921,"47-9-35, 3rd LANE, DWARAKANAGAR,VISAKHAPATNAM.",2.8,9505905999
OMEGA HOSPITALS A UNIT OF VIZAG SPECIALITY HOSPITALS,17.763545,83.312278,"PLOT NO 4, HEALTHCITY ARILOVA",2.5,9971979623
MyCure HospitalsA Unit of Sahrudaya Helath Care Private Limited,17.712295,83.314118,DOOR NO 15-2-9,2.8,9902089933
ABC HOSPITALS,17.706194,83.309211,"16-1-13, KGH BEACH DOWN, MANARANIPETA, OPP COSTAL BATTERY, Vizag 530002",4.5,9348442525
GAJUWAKA HOSPITALS PVT LTD RK HOSPITAL,17.682535,83.196979,26-16-7,4.3,9866117777
ADITYA MULTI CARE HOSPITAL,17.709989,83.304622,1933-01-18 00:00:00,2.7,8801145689
SURAKSHA HEALTH PARK PRIVATE LIMITED,17.73951,83.255457,38-40-42/2,4.3,9866247304
OMNI RK HOSPITAL A Unit of INCOR Hospitals Vizag PVT LTD,17.71874,83.311488,10-50-55,2.7,9490899640
SRADDHA HOSPITAL,17.708249,83.308516,14/37/45,3.1,7382465005
GITAM Institute of Medical Sciences and Research,17.784753,83.375013,5-168,3.2,9676190799
VENKATARAMA HOSPITAL,17.727952,83.303028,47-7-43,3.0,9877099945
USHA PRIME MULTI SPECIALITY HOSPITAL A DIVISION OF CHILUKURI HEALTHCARE PVT LTD,17.687616,83.001766,12-4-6/1,4.7,7396916666
MyCure HospitalsA Unit of Sahrudaya Helath Care Private Limited,17.711063,83.302402,VISAKHAPATNAM,3.8,9701957666
ANBEACH HOSPITAL,17.707979,83.312253,15-9-13/24,4.6,9666447777
NEPHROPLUS (KGH VISHAKAPATNAM),17.706385,83.302559,"SUPER SPECIALITY BLOCK,WARD NO 24, KGH,MAHARANIPETA,VISHAKAPATNAM 530002",2.8,9849293075
VIJETHA HOSPITAL,17.710812,83.303112,2015-01-18 00:00:00,4.2,9676493545
Lakshmi Aarush Health Care Pvt Ltd  Cathlab-Interventional Cordiology Service Provided to Government of AP -KING GEORGE HOSPITAL-VIZG,17.708512,83.305751,"House No :Maharanipeta, Visakhapatnam, Andhra Pradesh, India",4.8,9490669650
RAMSARANYA HOSPITALS PVT LTD UNIT II,17.709863,83.310195,14-37-4/A,3.9,9701484807
MEDICOVER HOSPITALS UNIT III A UNIT OF SAHRUDAYA HEALTH CARE PRIVATE LIMITED,17.763612,83.312117,"SY NO 27, PLOT NO-5, HEALTH CITY CHINAGADILI ARILOVA53040",4.1,9290248484
M B Multispeciality Hospitals,17.763677,83.310723,PlotNo-15Bhealthcity,4.8,9550014636
GJ HOSPITAL AND TRAUMA CENTRE,17.763862,83.31069,"UMA PALACE, HEALTHCITY, ARILOV",2.5,9392127093
Gayatri Vidya Parishad Institute of Health Care and Medical Technology,17.829978,83.361742,2025-06-01 00:00:00,4.7,9618010635
Visakha Eye Hospital,17.73212,83.33211,8-1-64Pedda waltair,3.4,9885116262
ST ANNS JUBILEE MEMORIAL HOSPITAL,17.684277,83.23767,62-2-106,3.8,9177616616
NEPHROPLUS (VIMS VISHAKAPATNAM),17.759204,83.32925,"HANUMATHVAKA,VISHAKAPATNAM 530040",3.7,7893170283
Maharajah Institute Of Medical Sciences,18.110555,83.387338,VIZIANAGARAM,3.2,8333814568
Sri Sai Super Speciality Hospital-Vizianagaram,18.107779,83.401358,"P.S.R.COMPLAX,LOWER TANK BUND ROAD, VIZIANAGARAM,08922221234",3.2,8333814570
VENKATAPADMA HOSPITAL,18.11459,83.413361,"VENKATAPADMA HEALTHCARE COMPLEX, 15-1-45, 3 LAMPS JUNCTION, VIZIANAGARAM - 535002",3.2,8333814576
"Tirumala Multi Speciality Hospitals (India )Pvt. Ltd., Vizianagaram",18.107348,83.400926,NEAR RTC COMPLEXVIZIANAGARAM,3.5,8333814582
KOLAPARTHI HOSPITAL,18.105052,83.137846,"12-144, SRUNGAVARAPUKOTA, BC BOYS HOSTEL ROAD, NEAR TELEPHONE EXCHANGE",3.7,8142340040
Pushpagiri Vittreo Retina Institute,18.10870163,83.410444,"521, Alak Nagar, Aayodya Road, Beside TTD Kalyana Mandapam, Vizianagaram",4.7,8333814586
GAYATRI HOSPITALS,18.11,83.41,"25-10-18, DASANNAPETA ROAD",4.0,7902601026
srinivasanursing home,18.2746,83.3431,Main Road Gajapathinagaram,4.3,9866685439
ANDHRA HOSPITALS,18.108406,83.411623,"20-14-6/A, ANANDAGAJAPATI AUDITORIUM ROAD, VIZIANAGARAM",2.5,8498847527
ABHINAV NIURSING HOME,18.1058,83.1392,SNO466-1,3.9,7680032040
MUVVA GOPALA HOSPITALS PVT LTD,18.111536,83.413726,2010-01-18 00:00:00,4.9,8008161678
VENKATA RAMA HOSPITAL,18.106555,83.397753,8-13-1/B,4.8,9849376758
SRI SAI P V R HOSPITALS,18.10939,83.397979,810139/a,4.7,8365486396
MARUTHI HOSPITAL,18.1671,83.449,22-87,4.7,8919702742
NEPHROPLUS (DH Vizianagaram),18.10939,83.395554,VIZIANAGARAM,4.5,8331094243
VIJAYA HOSPITALS,16.713175,81.099931,23A-6-63/2,4.0,9440186917
PVR HOSPITALS,17.115808,81.296204,1989-02-01 00:00:00,3.7,9849589317
Sudha Hospital  Tanuku,16.757475,81.681311,"21-1-4, OPP COOPERATIVE STORES",4.8,9866244975
Good Samaritan Cancer and General Hospital,16.69669294,81.09437364,"VANGAYAGUDEM, ELURU - 534 001",4.4,8333814605
Mother Vannini Hospital,16.830824,81.510546,"KADAKATALA,TADEPALLIGUDEM",4.2,9985828981
Srisaihospital,16.757103,81.68825,"DNO12-69-5SILVERJUBILEEROAD OPP SNVT JR COLLEGETANUKU,WESTGODAVARI-DIST",3.3,9441639996
Dr G R Reddy Eye Care Center,16.818064,81.522169,1-41-1,4.0,9885816070
PRABHA HOSPITAL,16.715275,81.095351,24B-6-16/1,2.8,9491044838
Jnanananda Ophthalmic Institute,16.54595,81.5193,1934-06-03 00:00:00,2.9,9677669202
CHAITRA HOSPITAL,16.708213,81.105089,24A-4-4,4.7,8143532783
ANDHRA HOSPITALS ELURU PVT LTD,16.711975,81.101037,23A-8-8,3.5,9949561559
SAI SPURTHI MULTISPECIALITY HOSPITAL,17.124106,81.299637,9-2-30/1,3.8,8105646719
SAISWETHA SUPER SPECIALITY HOSPITAL A UNIT OF SAISWETHA HOSPITAL PRIVATE LIMITED,16.751396,81.684127,16-18-2,3.8,7207323860
Sri Lakshmi Hospitals,16.545796,81.519177,3-6-36 TOWNRAILWAY STATION ROADBhimavaram,4.7,9393727725
Varma Hospitals,16.543847,81.510401,"Door. No.:1-7-4/2-1,Near AddavanthenaSuryanarayanapuram, J.P. Road, Bhimavaram. 534 202",4.4,8333814614
APPLE HOSPITAL A UNIT OF TANUKU HOSPITAL,16.754598,81.674509,"21-4-22, NEAR RAILWAY STATION, TANUKU, WESTGODAVARI",3.5,9985035100
CHIRANJEEVI HOSPITALS ORTHO AND MULTI SPEICILITY,17.1176695,81.2880765,NEAR NEW BUS STAND,4.5,9577104108
Alluri Sitarama Raju Academy Of Medical Sciences Asram Hospital,16.736431,81.143526,ELURUWEST GODAVARI DIST,4.1,9701345307
UVSM Eye Hospital,16.542652,81.51098,27-16-5/1,3.6,7729021299
BHUVANESWARI HOSPITAL,16.714484,81.100867,23B/2/12,2.8,9059071238
KASI EYE HOSPITAL,16.542648,81.515078,27-8-12/4,3.5,9908665886
PRANAVI NURSING HOME,16.815661,81.530914,4-17-796,2.6,9440180015
AVINASH ORTHO TRAUMA AND CRITICAL CARE HOSPITAL,16.5498,81.513132,2-22-20,2.9,9848911533
SRI VENKATESWARA INSTITUTE OF RESEARCH AND REHABILITATION FOR THE DISABLED,16.9318364,81.2507535,S-41,2.8,8374445108
VADLAMUDI HOSPITALS,17.11768,81.296555,1-11-146,5.0,9393164949
SANKARA NETRA CHIKITSALAYA,16.71162,81.099898,23A-6-6,3.1,9848494445
SMT RAJESWARI RAMAKRISHNAN LIONS EYE HOSPITAL,16.893554,81.667921,12-16-40,3.9,8790434534
MURALI KRISHNA MULTI SPECIALITY AND EMERGENCY HOSPITAL,16.709517,81.093863,1934-10-25 00:00:00,4.0,9741902668
JANAKI HOSPITAL,16.439062,81.703382,1-87-58,3.0,9542456499
RADHAKRISHNA NETHRYALAYA,16.542892,81.514418,27-2-125/A,3.3,9440924444
SRI SURYA NURSING HOME,16.520018,81.72583,12-2-31/2,4.0,9177987949
SESHA GIRI HOSPITALS A UNIT OF SRI RATNA NURSING HOME,16.905545,81.670813,9-11-19/A,3.1,9704070333
NEPHROPLUS (DH ELURU),16.714012,81.095065,ELURU,4.1,8985915851
SRI SURYA HOSPITAL,16.433083,81.695833,9-1-5/2,4.8,8814273465
SRI SAI SPURTHI HOSPITALS,17.132444,81.660778,9-190,3.3,7990781150
DINESH MEDICAL CENTRE A Unit Of Carmel Health Care Pvt Ltd,14.413127,78.233908,3-7-215/1,4.8,7893982532
surya hospital,14.466221,78.830726,1/334,3.7,9490521977
Himalaya Multi Speciality Hospital,14.460519,78.82375,"d.no1-81/1, teja enclave, RS Road, yerramujkkapally,kadapa.516004",4.8,8121572982
KOMMA SUPER SPECIALITY HOSPITAL,14.462249,78.824383,1/100,3.3,8332994645
PRIYABHAVANA HOSPITALS PRIVATE LIMITED,14.755137,78.54846,2019-04-01 00:00:00,3.9,9866374469
SUNRISE HOSPITAL,14.47071,78.822688,2/1109,2.6,9989403708
KADAPA HOSPITALS,14.73347,79.05798,3/120,4.7,9866402392
SRI SRI HOLISTIC HOSPITALS,14.4747628,78.8217595,3-223,5.0,9441591466
Bharathi Hospital,14.46071,78.823817,"1/82, R.S.ROAD, YERRAMUKKAPALLI, KADAPA",3.2,8897630630
Tirumala hospitals,14.475638,78.823244,"21/16, r.s.road, guntha bazar, opp.sridevi scanning centre, Kadapa",4.4,9440217371
SREE RAJA RAGHAVENDRA MULTISPECIALITY HOSPITAL,17.00873,81.7822,1972-02-02 00:00:00,2.6,9440218944
LATHA POLYNURSING HOME AND MULTI SPECIALITY HOSPITAL,14.7534499,78.5479891,3-1461,3.7,9440751419
M M HOSPITAL,14.477058,78.825188,21/626,4.6,9885449930
B G R HOSPITAL,14.74879,78.547536,10/258,5.0,9848134064
Sree Mohan Hospitals,14.465431,78.832803,42/347-23-2,4.5,9985345864
swarup eye hospital and laser center,14.75543,78.550819,3/1177,2.8,8555007061
AMARAVATHI HOSPITALS,14.0512699,78.7496047,37/9-789/2,3.1,9642273689
AMEEN MULTI SPECIALITY HOSPITAL,13.63787,79.41686,21/632,4.0,9247469529
NANDIKA HOSPITAL,14.4091722,78.2260653,4-14-44-8,3.6,9985084739
TEJA HOSPITAL,14.5200743,78.1269689,4/596,3.6,8886669248
PAVANI HOSPITAL,14.1922627,79.1563766,6/1025-8-3,4.5,8309226766
RAVI NETRALAYAM,14.7523094,78.545485,4/664,2.9,9701112200
SREE HOSPITAL,14.46331,78.82318,1-700-4,4.7,9390530712
Shree Madan Multi Speciality Hospital,14.75036,78.54794,10-238,4.6,9985061155
ABHILASH NETRA VYDYA SALA,14.754722,78.549195,3/1350,4.3,9701960009
Ramakrishna Mission Hospital,27.13706,93.62205,"Ganga Market ,Itanagar",4.4,8259000000
